# c_A,c_B,theta,theta_K
3.190616587732587828e+00,6.090337046214838734e-01,1.362464361672418249e+02,9.821243584978469698e+01
3.357815474848476756e-01,2.704229066849677565e+00,1.041967383184018558e+02,1.156996811280759090e+02
1.197195341982573824e+00,4.321739993676876779e+00,1.069892621893638847e+02,1.358010562271415154e+02
4.659464822922160465e+00,4.056263602747064212e+00,1.035567997087980956e+02,9.923827305412653743e+01
3.357678384371381775e+00,2.889789326043881168e+00,1.259862455857174126e+02,1.234797632035665345e+02
