# c_A,c_B,theta,theta_K
3.242999919728055236e+00,4.393294908823942357e+00,1.259862455857174126e+02,1.362397463190509654e+02
3.397778448998450829e-01,4.123318918047861104e+00,1.028554985331419545e+02,1.007386348924923993e+02
1.215791873202617390e+00,2.937073890892082151e+00,1.183997165582896969e+02,9.808715079020473127e+01
4.736743887717450363e+00,5.536965425086272319e+00,1.362676055352368962e+02,1.252581008255419874e+02
3.412893272242083054e+00,7.295107477602790214e-01,1.037673538258902539e+02,1.041086678616718899e+02
6.176613945303225384e-01,1.148389328404581855e+00,1.253153450698369227e+02,1.166845870909564837e+02
2.748368542558993877e+00,6.335199563197139172e-01,1.106474939620183164e+02,1.056803437265840699e+02
