# c_A,c_B,theta,theta_K
3.242999919728055236e+00,6.176613945303225384e-01,1.362464361672418249e+02,9.821243584978469698e+01
3.397778448998450829e-01,2.748368542558993877e+00,1.041967383184018558e+02,1.156996811280759090e+02
1.215791873202617390e+00,4.393294908823942357e+00,1.069892621893638847e+02,1.358010562271415154e+02
4.736743887717450363e+00,4.123318918047861104e+00,1.035567997087980956e+02,9.923827305412653743e+01
3.412893272242083054e+00,2.937073890892082151e+00,1.259862455857174126e+02,1.234797632035665345e+02
